GISJN_TCT,prcp,tmax,tmin
G13013180103,1506.3333333333333,22.200913242009133,10.406392694063927
G13013180104,1551.6666666666667,22.08949771689498,10.401369863013699
G13013180105,1521.6666666666667,22.204109589041096,10.40228310502283
G13013180106,1515.3333333333333,22.15433789954338,10.411415525114155
G13013180107,1597,22.17579908675799,10.37351598173516
G13013180108,1564.3333333333333,22.151141552511415,10.372602739726027
G13013180203,1549.3333333333333,22.284474885844748,10.366666666666667
G13013180204,1527,22.359817351598174,10.373972602739727
G13013180205,1578,22.213698630136985,10.360730593607306
G13013180206,1527.6666666666667,22.34931506849315,10.401369863013699
G13013180301,1530.3333333333333,22.328310502283106,10.384018264840183
G13013180302,1502.3333333333333,22.374429223744293,10.407762557077625
G13013180303,1559,22.263013698630136,10.389041095890411
G13013180401,1584,22.343835616438355,10.426027397260274
G13013180402,1685.3333333333333,22.4027397260274,10.452511415525114
G13013180501,1550.3333333333333,22.354337899543378,10.378082191780821
G13013180502,1492,22.54794520547945,10.414155251141553
G13013180503,1531.3333333333333,22.41187214611872,10.365296803652969
G13015960101,1379.6666666666667,22.563470319634703,9.988584474885844
G13015960102,1389,22.494063926940637,9.833789954337899
G13015960200,1317,22.58949771689498,9.773972602739725
G13015960300,1303.6666666666667,22.483561643835614,9.655707762557077
G13015960401,1319.6666666666667,22.710045662100455,9.828310502283106
G13015960402,1325,22.732876712328768,9.873972602739727
G13015960500,1310,22.724657534246575,9.817351598173516
G13015960600,1315,22.80091324200913,9.90730593607306
G13015960700,1397.6666666666667,22.409132420091325,9.752511415525115
G13015960801,1375,22.427397260273974,9.808675799086759
G13015960802,1362,22.442465753424656,9.811872146118722
G13015960803,1343,22.56392694063927,9.82054794520548
G13015960901,1279,22.836073059360732,9.897716894977169
G13015960902,1318,22.61095890410959,9.725570776255708
G13015961000,1277.3333333333333,22.825570776255706,9.79041095890411
G13035150100,1468.3333333333333,23.531963470319635,10.685388127853882
G13035150200,1475.3333333333333,23.428310502283104,10.684931506849315
G13035150300,1452,23.38447488584475,10.71324200913242
G13045910101,1451.6666666666667,22.035616438356165,9.668493150684931
G13045910103,1498,21.966666666666665,9.657990867579908
G13045910104,1423.3333333333333,22.029680365296805,9.57716894977169
G13045910200,1454.3333333333333,21.97077625570776,9.559360730593607
G13045910300,1483,21.924657534246574,9.548401826484017
G13045910400,1497.3333333333333,22.071689497716896,9.580821917808219
G13045910501,1519.6666666666667,22.224657534246575,9.776712328767124
G13045910502,1522.3333333333333,22.295890410958904,9.830593607305936
G13045910600,1481.3333333333333,22.265753424657536,9.817351598173516
G13045910701,1540.3333333333333,22.134246575342466,9.840639269406392
G13045910702,1551.6666666666667,21.878995433789957,9.742922374429224
G13045910703,1491.6666666666667,22.17808219178082,9.800913242009132
G13045910800,1470.6666666666667,22.66118721461187,10.126027397260273
G13045910900,1573.6666666666667,22.293150684931508,9.75296803652968
G13045911000,1560.6666666666667,22.328767123287673,9.88082191780822
G13045911100,1515,22.417351598173514,9.852054794520548
G13045911200,1474,22.477625570776258,9.759360730593606
G13057090100,1457.6666666666667,22.31461187214612,10.214155251141552
G13057090200,1460.3333333333333,21.993150684931507,9.771689497716896
G13057090300,1439,22.457077625570776,9.931506849315069
G13057090400,1512.3333333333333,22.021461187214612,9.875342465753425
G13057090501,1532,22.054794520547944,10.015068493150684
G13057090502,1546.6666666666667,21.800456621004567,9.897260273972602
G13057090601,1470.6666666666667,22.156621004566208,9.88675799086758
G13057090602,1474.3333333333333,22.29132420091324,9.997260273972604
G13057090701,1437,22.317351598173516,9.908675799086758
G13057090702,1451.3333333333333,22.148858447488585,9.883561643835616
G13057090802,1476.3333333333333,22.203196347031962,10.029680365296803
G13057090803,1412.3333333333333,22.389497716894976,10.04109589041096
G13057090804,1401,22.42876712328767,10.084931506849315
G13057090901,1422.3333333333333,22.255707762557076,10.038812785388128
G13057090902,1392.6666666666667,22.317351598173516,10.105022831050228
G13057090904,1373.6666666666667,22.482191780821918,10.090867579908675
G13057090905,1392,22.38812785388128,10.061643835616438
G13057091001,1393,22.321461187214613,9.986301369863014
G13057091003,1386.6666666666667,22.210045662100455,9.88812785388128
G13057091005,1396.3333333333333,22.230593607305938,9.893607305936072
G13057091006,1407.3333333333333,22.215525114155252,9.857534246575343
G13057091007,1408.6666666666667,22.4324200913242,9.93744292237443
G13057091008,1401.3333333333333,22.39908675799087,9.987671232876712
G13057091101,1402.6666666666667,22.393150684931506,9.86849315068493
G13057091102,1414.3333333333333,22.13744292237443,9.7785388127853885
G13057091103,1379,22.39041095890411,9.867579908675799
G13063040202,1563.3333333333333,22.705936073059362,10.7013698630137
G13063040203,1600.6666666666667,22.59406392694064,10.647031963470319
G13063040204,1610.3333333333333,22.48401826484018,10.641552511415526
G13063040302,1575.3333333333333,22.61552511415525,10.70593607305936
G13063040303,1542.3333333333333,22.715525114155252,10.722374429223745
G13063040306,1574.6666666666667,22.5986301369863,10.689954337899543
G13063040307,1568,22.630593607305936,10.71552511415525
G13063040308,1585,22.548401826484017,10.687671232876712
G13063040407,1544,22.631963470319636,10.724657534246575
G13063040408,1539.6666666666667,22.725570776255708,10.74566210045662
G13063040409,1549.6666666666667,22.817808219178083,10.766666666666667
G13063040410,1540.6666666666667,22.666666666666668,10.728767123287671
G13063040411,1542.3333333333333,22.84794520547945,10.76986301369863
G13063040412,1535,22.838356164383562,10.768036529680366
G13063040413,1554.6666666666667,22.81187214611872,10.768949771689497
G13063040414,1560.3333333333333,22.704109589041096,10.731506849315068
G13063040415,1567.3333333333333,22.841552511415525,10.735616438356164
G13063040416,1551.3333333333333,22.775799086757992,10.741552511415525
G13063040417,1548,22.838356164383562,10.753881278538813
G13063040509,1611,22.656164383561645,10.674885844748859
G13063040510,1614.3333333333333,22.570319634703196,10.67123287671233
G13063040512,1562.6666666666667,22.801369863013697,10.70958904109589
G13063040513,1575.3333333333333,22.727397260273975,10.690867579908677
G13063040514,1576.3333333333333,22.7972602739726,10.713698630136987
G13063040515,1566,22.831963470319636,10.726027397260275
G13063040516,1569.3333333333333,22.79041095890411,10.724657534246575
G13063040518,1566.3333333333333,22.922374429223744,10.73972602739726
G13063040519,1598.6666666666667,22.63150684931507,10.677168949771689
G13063040520,1569.6666666666667,22.68447488584475,10.695433789954338
G13063040521,1576,22.78675799086758,10.72420091324201
G13063040522,1597,22.75159817351598,10.709132420091324
G13063040523,1589.3333333333333,22.687214611872147,10.70593607305936
G13063040524,1562.3333333333333,22.851141552511415,10.738812785388127
G13063040525,1559,22.97579908675799,10.749771689497717
G13063040526,1560.6666666666667,22.892694063926943,10.733333333333334
G13063040606,1571,22.878995433789953,10.741095890410959
G13063040608,1563,23.020091324200916,10.73607305936073
G13063040609,1560.3333333333333,22.74703196347032,10.74703196347032
G13063040611,1542.6666666666667,22.865753424657534,10.748858447488585
G13063040612,1550.6666666666667,22.80593607305936,10.73835616438356
G13063040613,1550,22.839726027397262,10.743835616438357
G13063040614,1549.6666666666667,22.9310502283105,10.777625570776255
G13063040615,1568.3333333333333,22.766666666666666,10.758904109589041
G13063040616,1559.3333333333333,22.857990867579908,10.775342465753424
G13063040617,1553.3333333333333,22.910045662100455,10.78310502283105
G13063040619,1570,22.900913242009132,10.747488584474885
G13063040620,1578,22.864383561643834,10.735616438356164
G13063040621,1542,22.90958904109589,10.740639269406392
G13063040622,1543,22.877625570776257,10.733333333333334
G13063980000,1603.6666666666667,22.47945205479452,10.637899543378996
G13067030101,1320.6666666666667,22.534246575342465,9.932876712328767
G13067030103,1334,22.551141552511414,9.979908675799086
G13067030104,1350,22.450228310502283,9.887671232876713
G13067030106,1356,22.403196347031965,9.89041095890411
G13067030107,1381.6666666666667,22.247945205479454,9.823744292237443
G13067030209,1347.3333333333333,22.41324200913242,10.068036529680365
G13067030214,1339.3333333333333,22.36255707762557,9.916438356164385
G13067030215,1381.6666666666667,22.130593607305936,9.771689497716896
G13067030218,1367,22.149315068493152,9.782648401826483
G13067030219,1317.3333333333333,22.316438356164383,9.825114155251141
G13067030220,1373.3333333333333,22.22511415525114,9.924200913242009
G13067030222,1384.6666666666667,22.151598173515982,9.844292237442922
G13067030223,1405,21.982648401826484,9.712785388127854
G13067030224,1367,22.22374429223744,9.813698630136987
G13067030226,1385,22.21826484018265,9.838812785388129
G13067030227,1396.3333333333333,22.06986301369863,9.758904109589041
G13067030228,1353,22.262557077625573,9.96255707762557
G13067030229,1354.6666666666667,22.352511415525115,10.003196347031963
G13067030230,1366.3333333333333,22.22146118721461,9.928310502283106
G13067030231,1364.3333333333333,22.277625570776255,9.946575342465753
G13067030232,1349.6666666666667,22.429680365296804,10.109132420091324
G13067030233,1383.3333333333333,22.322374429223746,10.080365296803652
G13067030234,1356.3333333333333,22.250228310502283,9.873059360730593
G13067030235,1356.3333333333333,22.26392694063927,9.920091324200914
G13067030236,1332,22.180365296803654,9.697260273972603
G13067030238,1361.6666666666667,22.131050228310503,9.684018264840182
G13067030239,1323,22.34657534246575,9.902283105022832
G13067030310,1377,22.312785388127853,9.975342465753425
G13067030311,1383,22.32648401826484,10.075799086757991
G13067030312,1403.6666666666667,22.169863013698627,10.014155251141553
G13067030313,1340,22.381735159817353,10.070319634703196
G13067030314,1417,22.090867579908675,10.008219178082191
G13067030318,1433.3333333333333,22.305022831050227,10.299086757990867
G13067030319,1449,22.24931506849315,10.277168949771688
G13067030320,1379.3333333333333,22.3351598173516,10.332876712328767
G13067030322,1427.3333333333333,21.989954337899544,10.006392694063926
G13067030324,1386.6666666666667,22.323287671232876,10.050228310502284
G13067030326,1417.6666666666667,22.05890410958904,10.019634703196347
G13067030327,1451.6666666666667,21.94200913242009,9.973059360730593
G13067030328,1441.3333333333333,22.04200913242009,10.074885844748858
G13067030329,1436,22.068036529680366,10.04703196347032
G13067030330,1437.6666666666667,22.13881278538813,10.110958904109589
G13067030331,1449.6666666666667,22.20365296803653,10.174885844748859
G13067030332,1444.6666666666667,22.239269406392694,10.222374429223745
G13067030333,1406.3333333333333,22.37716894977169,10.316438356164383
G13067030334,1437.3333333333333,22.26027397260274,10.26392694063927
G13067030335,1417.3333333333333,22.308675799086757,10.247945205479452
G13067030336,1444.3333333333333,22.263013698630136,10.248401826484018
G13067030337,1434.3333333333333,22.349771689497718,10.303196347031964
G13067030339,1376.3333333333333,22.531963470319635,10.485844748858447
G13067030340,1415,22.016438356164382,9.976712328767123
G13067030341,1397.3333333333333,22.206392694063926,10.035616438356165
G13067030342,1409,22.11415525114155,10.078082191780823
G13067030343,1423,22.15616438356164,10.13013698630137
G13067030344,1374.3333333333333,22.343835616438355,10.332876712328767
G13067030345,1382.3333333333333,22.44109589041096,10.408219178082192
G13067030405,1384.6666666666667,22.268493150684932,10.235616438356164
G13067030407,1394.3333333333333,22.243835616438357,10.231963470319634
G13067030408,1377.6666666666667,22.24840182648402,10.259817351598173
G13067030409,1425,22.251141552511417,10.218721461187215
G13067030410,1403,22.242922374429224,10.200456621004566
G13067030411,1404,22.195890410958903,10.163013698630138
G13067030412,1387.6666666666667,22.279908675799085,10.226940639269406
G13067030413,1379,22.289497716894978,10.298630136986302
G13067030414,1369.6666666666667,22.358447488584474,10.323287671232876
G13067030502,1417.3333333333333,22.080365296803652,10.000456621004567
G13067030504,1441,22.015068493150686,9.994977168949772
G13067030505,1419,22.15525114155251,10.104109589041096
G13067030506,1389.3333333333333,22.085388127853882,9.955707762557077
G13067030507,1393.6666666666667,22.154794520547945,10.025570776255707
G13067030601,1383,22.119634703196347,9.9337899543379
G13067030602,1404.3333333333333,22.078995433789956,9.912785388127855
G13067030700,1423.6666666666667,22.068036529680366,10.000456621004567
G13067030800,1420.6666666666667,22.132876712328766,10.074885844748858
G13067030901,1385.3333333333333,22.301369863013697,10.09771689497717
G13067030902,1431.3333333333333,22.010045662100456,9.925114155251142
G13067030904,1405.6666666666667,22.201826484018266,10.078082191780823
G13067030905,1395.6666666666667,22.263470319634703,10.089954337899544
G13067031001,1405.3333333333333,22.248401826484017,10.197260273972603
G13067031002,1429,22.106392694063928,10.035159817351598
G13067031004,1415.6666666666667,22.210502283105022,10.132420091324201
G13067031005,1433.3333333333333,22.1324200913242,10.031050228310502
G13067031101,1418,22.30502283105023,10.245662100456622
G13067031106,1419,22.304566210045664,10.182648401826484
G13067031108,1410.3333333333333,22.216438356164385,10.229223744292238
G13067031110,1434,22.184931506849313,10.204109589041096
G13067031111,1410,22.315068493150683,10.318721461187215
G13067031112,1422.3333333333333,22.326940639269406,10.311415525114155
G13067031113,1392.3333333333333,22.325114155251143,10.288127853881278
G13067031114,1396.6666666666667,22.33881278538813,10.348401826484018
G13067031115,1404,22.436529680365297,10.2986301369863
G13067031116,1399.3333333333333,22.425570776255707,10.303652968036529
G13067031117,1404.6666666666667,22.43607305936073,10.304566210045662
G13067031118,1422.3333333333333,22.366666666666667,10.314611872146118
G13067031205,1388.3333333333333,22.744748858447487,10.617808219178082
G13067031206,1410.3333333333333,22.512328767123286,10.448858447488584
G13067031207,1399,22.50593607305936,10.47945205479452
G13067031208,1419.3333333333333,22.3,10.336986301369864
G13067031209,1429.3333333333333,22.331963470319636,10.338812785388127
G13067031211,1432.3333333333333,22.334703196347032,10.378995433789955
G13067031212,1398.6666666666667,22.62054794520548,10.545662100456621
G13067031306,1422.6666666666667,22.3662100456621,10.23972602739726
G13067031307,1431.6666666666667,22.33744292237443,10.253424657534246
G13067031308,1452.6666666666667,22.286757990867578,10.2337899543379
G13067031309,1429.3333333333333,22.41780821917808,10.265753424657534
G13067031310,1462.3333333333333,22.485844748858447,10.37716894977169
G13067031311,1466.3333333333333,22.428310502283104,10.355707762557078
G13067031312,1422.6666666666667,22.524657534246575,10.417808219178083
G13067031313,1417,22.51324200913242,10.442009132420091
G13067031404,1415.6666666666667,22.331050228310502,10.180365296803654
G13067031405,1372,22.423287671232877,10.19634703196347
G13067031406,1428.6666666666667,22.211872146118722,10.09634703196347
G13067031408,1392.3333333333333,22.451598173515983,10.195890410958905
G13067031409,1368.3333333333333,22.56392694063927,10.273059360730594
G13067031503,1363,22.42876712328767,10.14931506849315
G13067031505,1366,22.470319634703195,10.118721461187215
G13067031506,1366,22.424657534246574,10.089954337899544
G13067031507,1370,22.4689497716895,10.169863013698631
G13067031508,1356.6666666666667,22.404109589041095,10.015068493150684
G13067031509,1384.6666666666667,22.41004566210046,10.039269406392693
G13077170100,1522.3333333333333,22.96301369863014,10.231963470319634
G13077170200,1532.6666666666667,22.81324200913242,10.270776255707762
G13077170303,1514.6666666666667,22.93013698630137,10.367579908675799
G13077170304,1561,22.650228310502282,10.302739726027397
G13077170305,1573,22.70730593607306,10.35296803652968
G13077170306,1544,22.88310502283105,10.448401826484018
G13077170402,1555.6666666666667,22.635616438356163,10.46986301369863
G13077170403,1547.6666666666667,22.700456621004566,10.40958904109589
G13077170404,1554.6666666666667,22.77123287671233,10.47351598173516
G13077170405,1580.6666666666667,22.7675799086758,10.468949771689498
G13077170406,1565.3333333333333,22.689497716894977,10.476712328767123
G13077170501,1585.6666666666667,22.822374429223743,10.537899543378995
G13077170502,1594.3333333333333,22.9337899543379,10.568493150684931
G13077170503,1575.3333333333333,23.026027397260272,10.638356164383563
G13077170601,1598.3333333333333,22.636073059360733,10.273515981735159
G13077170602,1558.6666666666667,22.929223744292237,10.449771689497716
G13077170603,1573.3333333333333,22.934703196347034,10.499543378995433
G13077170700,1553.3333333333333,22.859360730593608,10.262557077625571
G13077170801,1566.6666666666667,23.02557077625571,10.323287671232876
G13077170802,1584,22.86255707762557,10.378538812785388
G13085970100,1686.6666666666667,21.487214611872147,9.836529680365297
G13085970201,1703.6666666666667,21.7662100456621,9.999086757990867
G13085970202,1651.3333333333333,21.735159817351597,10.002739726027398
G13089020100,1390.6666666666667,22.63744292237443,10.63744292237443
G13089020200,1425,22.42648401826484,10.617808219178082
G13089020300,1436.3333333333333,22.30730593607306,10.6013698630137
G13089020400,1433.3333333333333,22.32922374429224,10.598173515981735
G13089020500,1422.3333333333333,22.396803652968035,10.624657534246575
G13089020600,1422.3333333333333,22.396803652968035,10.624657534246575
G13089020700,1434.3333333333333,22.373059360730593,10.62283105022831
G13089020801,1452,22.28082191780822,10.591324200913242
G13089020802,1447,22.31095890410959,10.605936073059361
G13089020900,1475.6666666666667,22.383561643835616,10.636073059360731
G13089021101,1401.6666666666667,22.322374429223746,10.454337899543379
G13089021102,1397.6666666666667,22.34566210045662,10.485844748858447
G13089021202,1410,22.351141552511415,10.432876712328767
G13089021204,1415,22.341552511415525,10.473972602739726
G13089021208,1429,22.260730593607306,10.431050228310502
G13089021209,1420.6666666666667,22.284474885844748,10.441552511415525
G13089021210,1401,22.27990867579909,10.394977168949772
G13089021211,1401,22.247945205479454,10.400456621004565
G13089021213,1447.6666666666667,22.09406392694064,10.287671232876713
G13089021214,1425.3333333333333,22.205479452054796,10.333333333333334
G13089021215,1423,22.229680365296804,10.363013698630137
G13089021216,1414.3333333333333,22.34931506849315,10.424657534246576
G13089021217,1423.3333333333333,22.242922374429224,10.41095890410959
G13089021218,1417,22.305479452054794,10.424657534246576
G13089021301,1428,22.21004566210046,10.421917808219177
G13089021303,1412.6666666666667,22.2337899543379,10.447488584474886
G13089021305,1413.6666666666667,22.199543378995433,10.398630136986302
G13089021306,1428.6666666666667,22.170319634703194,10.410958904109588
G13089021307,1420,22.262100456621003,10.450228310502283
G13089021308,1420.3333333333333,22.34794520547945,10.475799086757991
G13089021405,1402.6666666666667,22.45936073059361,10.529223744292237
G13089021409,1422.3333333333333,22.479908675799088,10.529223744292237
G13089021410,1431,22.44703196347032,10.520547945205479
G13089021411,1408.3333333333333,22.4,10.499086757990868
G13089021412,1414.6666666666667,22.34611872146119,10.481278538812784
G13089021413,1417,22.48538812785388,10.538356164383561
G13089021414,1408,22.56392694063927,10.570319634703196
G13089021415,1409,22.41552511415525,10.529680365296803
G13089021416,1416.6666666666667,22.447945205479453,10.530593607305937
G13089021417,1395.3333333333333,22.58219178082192,10.589954337899544
G13089021502,1405.3333333333333,22.520091324200916,10.584018264840182
G13089021503,1424,22.40639269406393,10.553881278538812
G13089021504,1428.3333333333333,22.39406392694064,10.571689497716894
G13089021602,1430,22.41689497716895,10.570319634703196
G13089021603,1432.6666666666667,22.378082191780823,10.538812785388128
G13089021604,1435.3333333333333,22.402283105022832,10.537899543378995
G13089021605,1430,22.458447488584476,10.526940639269407
G13089021703,1456.6666666666667,22.31689497716895,10.507762557077626
G13089021704,1458.3333333333333,22.262100456621006,10.508219178082191
G13089021705,1418,22.35662100456621,10.49041095890411
G13089021706,1434.3333333333333,22.39908675799087,10.508219178082191
G13089021805,1460.6666666666667,22.149771689497715,10.483561643835616
G13089021806,1443,22.16118721461187,10.49406392694064
G13089021808,1434.3333333333333,22.146575342465756,10.45890410958904
G13089021809,1462,22.103652968036528,10.463470319634704
G13089021810,1471.3333333333333,22.14703196347032,10.476712328767123
G13089021812,1408,22.305022831050227,10.479452054794521
G13089021813,1388.3333333333333,22.373972602739727,10.481735159817351
G13089021814,1414,22.21826484018265,10.470319634703197
G13089021906,1473.3333333333333,22.329680365296802,10.548858447488584
G13089021907,1457.3333333333333,22.461187214611872,10.572602739726028
G13089021908,1455.3333333333333,22.2986301369863,10.536986301369863
G13089021909,1442.3333333333333,22.368949771689497,10.562100456621005
G13089021910,1446,22.22009132420091,10.516894977168949
G13089021911,1449.3333333333333,22.226940639269408,10.517808219178082
G13089021912,1455.6666666666667,22.152968036529682,10.50365296803653
G13089021913,1407,22.263470319634703,10.522374429223744
G13089022001,1434.6666666666667,22.335616438356166,10.542465753424658
G13089022004,1440.6666666666667,22.240182648401827,10.520547945205479
G13089022005,1409,22.45205479452055,10.575799086757991
G13089022007,1437.3333333333333,22.309132420091323,10.544292237442923
G13089022008,1429.6666666666667,22.32420091324201,10.54840182648402
G13089022009,1441,22.305479452054794,10.528767123287672
G13089022010,1433.3333333333333,22.269406392694066,10.526940639269407
G13089022100,1446,22.38082191780822,10.56986301369863
G13089022203,1441.3333333333333,22.37488584474886,10.57351598173516
G13089022204,1432,22.43744292237443,10.573972602739726
G13089022301,1443.3333333333333,22.412328767123288,10.59406392694064
G13089022302,1442.3333333333333,22.357534246575344,10.55296803652968
G13089022401,1410.6666666666667,22.54200913242009,10.618721461187215
G13089022402,1437.3333333333333,22.412328767123288,10.587671232876712
G13089022403,1435,22.40319634703196,10.608675799086758
G13089022500,1453.3333333333333,22.342009132420092,10.587214611872145
G13089022600,1458.3333333333333,22.321461187214613,10.57488584474886
G13089022700,1460,22.26849315068493,10.585388127853882
G13089022800,1452.3333333333333,22.312785388127853,10.591324200913242
G13089022900,1454,22.325114155251143,10.590867579908677
G13089023000,1459.3333333333333,22.2675799086758,10.565753424657535
G13089023101,1410,22.47579908675799,10.644292237442922
G13089023102,1440,22.3662100456621,10.59269406392694
G13089023107,1427.3333333333333,22.44200913242009,10.619634703196347
G13089023108,1444.3333333333333,22.447488584474886,10.623744292237443
G13089023111,1432.6666666666667,22.505479452054793,10.60365296803653
G13089023112,1433.6666666666667,22.430593607305937,10.59634703196347
G13089023113,1452.3333333333333,22.295890410958904,10.56027397260274
G13089023114,1425.3333333333333,22.4986301369863,10.590867579908677
G13089023115,1429.6666666666667,22.37579908675799,10.57945205479452
G13089023204,1464,22.398173515981735,10.581278538812786
G13089023206,1447.3333333333333,22.617808219178084,10.64200913242009
G13089023208,1449,22.52648401826484,10.599086757990868
G13089023209,1486.6666666666667,22.331050228310502,10.56027397260274
G13089023210,1456.6666666666667,22.536986301369865,10.616438356164384
G13089023211,1467.6666666666667,22.65342465753425,10.65296803652968
G13089023212,1472,22.517351598173516,10.628767123287671
G13089023213,1435.3333333333333,22.719634703196345,10.682648401826484
G13089023214,1458,22.640182648401826,10.665296803652968
G13089023303,1570.3333333333333,22.589497716894975,10.602283105022831
G13089023306,1498.3333333333333,22.457077625570776,10.58310502283105
G13089023309,1474.6666666666667,22.664383561643834,10.645205479452054
G13089023310,1492.3333333333333,22.65068493150685,10.646118721461187
G13089023311,1454,22.67214611872146,10.622374429223745
G13089023312,1457.3333333333333,22.51095890410959,10.592237442922373
G13089023313,1495.3333333333333,22.59360730593607,10.622374429223745
G13089023314,1479,22.478538812785388,10.60365296803653
G13089023315,1498.6666666666667,22.80821917808219,10.651141552511415
G13089023316,1458.3333333333333,22.710502283105022,10.631506849315068
G13089023410,1436.6666666666667,22.690867579908677,10.722374429223745
G13089023411,1443,22.764383561643836,10.742465753424657
G13089023412,1426,22.744292237442924,10.708675799086757
G13089023413,1436.6666666666667,22.770319634703196,10.723744292237443
G13089023414,1461.6666666666667,22.60958904109589,10.684931506849315
G13089023416,1498.6666666666667,22.759360730593606,10.700913242009133
G13089023418,1529,22.78173515981735,10.671232876712327
G13089023419,1521,22.763013698630136,10.729680365296803
G13089023421,1430,22.928310502283104,10.76986301369863
G13089023422,1500.6666666666667,22.706849315068496,10.73013698630137
G13089023423,1508.3333333333333,22.639269406392692,10.715068493150685
G13089023424,1476,22.75662100456621,10.741095890410959
G13089023425,1480.3333333333333,22.800456621004567,10.732420091324201
G13089023426,1511,22.813698630136987,10.727853881278538
G13089023427,1505.6666666666667,22.850684931506848,10.704566210045662
G13089023428,1504,22.7689497716895,10.678538812785389
G13089023501,1420.6666666666667,22.544748858447488,10.668036529680364
G13089023504,1423.3333333333333,22.601369863013698,10.686301369863013
G13089023505,1433.3333333333333,22.567123287671233,10.678538812785389
G13089023506,1434.6666666666667,22.502739726027396,10.654794520547945
G13089023507,1452.3333333333333,22.55890410958904,10.667123287671233
G13089023601,1442.3333333333333,22.392237442922376,10.636986301369863
G13089023602,1447.6666666666667,22.475342465753425,10.664383561643836
G13089023603,1444.3333333333333,22.527397260273972,10.684474885844748
G13089023700,1458,22.49771689497717,10.657077625570777
G13089023801,1480,22.531963470319635,10.67214611872146
G13089023802,1473.3333333333333,22.831050228310502,10.752054794520548
G13089023803,1478.3333333333333,22.552054794520547,10.687214611872147
G13089980000,1442.3333333333333,22.392237442922376,10.636986301369863
G13097080102,1480.6666666666667,22.357990867579908,10.262100456621004
G13097080103,1387,22.58949771689498,10.321004566210046
G13097080201,1471,22.078082191780823,9.90365296803653
G13097080202,1432.6666666666667,22.47077625570776,10.221004566210045
G13097080301,1459.3333333333333,22.203196347031962,9.912328767123288
G13097080303,1481.3333333333333,22.202283105022833,9.983105022831051
G13097080304,1499,22.041552511415524,9.845662100456622
G13097080402,1552.3333333333333,22.11095890410959,9.921917808219177
G13097080403,1475.3333333333333,22.03698630136986,9.776255707762557
G13097080404,1419.3333333333333,22.3337899543379,9.908219178082192
G13097080505,1502.6666666666667,22.00821917808219,9.834703196347032
G13097080506,1504.3333333333333,22.17442922374429,9.926940639269406
G13097080507,1475.6666666666667,22.48082191780822,10.145205479452056
G13097080508,1478,22.14703196347032,9.934246575342467
G13097080509,1462.6666666666667,22.348858447488585,10.084931506849315
G13097080510,1479.3333333333333,22.368036529680364,10.125570776255708
G13097080511,1486.3333333333333,22.407305936073058,10.181278538812785
G13097080602,1491.3333333333333,22.369406392694064,10.250228310502283
G13097080603,1468,22.345205479452055,10.097716894977168
G13097080604,1458.3333333333333,22.56849315068493,10.319178082191781
G13113140101,1601,22.754794520547946,10.664840182648401
G13113140102,1599.6666666666667,22.900913242009132,10.706849315068494
G13113140203,1585.3333333333333,22.618721461187214,10.513698630136986
G13113140204,1565.3333333333333,22.769863013698632,10.606392694063928
G13113140206,1588.6666666666667,22.851141552511415,10.597260273972603
G13113140207,1577.3333333333333,22.831050228310502,10.584474885844749
G13113140208,1586.6666666666667,22.756164383561643,10.54703196347032
G13113140303,1584,22.943835616438356,10.600913242009133
G13113140304,1591.6666666666667,22.86392694063927,10.616438356164384
G13113140305,1593.3333333333333,22.860730593607304,10.640639269406392
G13113140306,1565,23.063470319634703,10.651598173515982
G13113140307,1570.3333333333333,23.035616438356165,10.660730593607306
G13113140403,1628.6666666666667,22.85890410958904,10.680365296803654
G13113140404,1608.6666666666667,22.91917808219178,10.67945205479452
G13113140405,1582.3333333333333,22.936529680365297,10.682648401826484
G13113140406,1576,22.857077625570778,10.710045662100457
G13113140407,1586.6666666666667,22.899543378995432,10.700913242009133
G13113140408,1577.6666666666667,23.010045662100456,10.709132420091324
G13113140501,1574.3333333333333,22.9324200913242,10.67214611872146
G13113140502,1583.3333333333333,23.00593607305936,10.663470319634703
G13117130101,1679.6666666666667,21.177625570776257,9.704109589041096
G13117130102,1604,21.509132420091323,9.95662100456621
G13117130103,1671.6666666666667,21.352054794520548,9.841095890410958
G13117130104,1576,21.72146118721461,10.098173515981735
G13117130105,1606,21.455251141552512,9.914155251141553
G13117130201,1526.3333333333333,22.3,10.40958904109589
G13117130202,1619.3333333333333,21.518721461187216,9.864383561643836
G13117130203,1629.6666666666667,21.621917808219177,9.91689497716895
G13117130204,1655,21.62054794520548,9.944748858447488
G13117130205,1607.6666666666667,21.556164383561644,9.922374429223744
G13117130301,1576,21.799543378995434,9.983561643835616
G13117130302,1528.6666666666667,21.893150684931506,10.025570776255709
G13117130303,1547.3333333333333,21.843835616438355,9.9675799086758
G13117130304,1517.3333333333333,21.94566210045662,10.081735159817352
G13117130305,1545,21.760730593607306,9.92876712328767
G13117130306,1508.3333333333333,22.000456621004567,10.104109589041096
G13117130307,1535.6666666666667,21.890867579908676,10.0337899543379
G13117130403,1621.3333333333333,21.267123287671232,9.682191780821917
G13117130404,1535.3333333333333,21.848858447488585,10.039269406392695
G13117130405,1587,21.27488584474886,9.70228310502283
G13117130406,1556.3333333333333,21.417351598173514,9.928310502283106
G13117130408,1582.6666666666667,21.460730593607305,9.841552511415525
G13117130409,1599,21.436986301369863,9.856621004566211
G13117130410,1571.6666666666667,21.570319634703196,9.93744292237443
G13117130503,1567.3333333333333,21.555707762557077,10.077625570776256
G13117130504,1545,21.61187214611872,10.027853881278538
G13117130505,1578.3333333333333,21.432876712328767,9.953881278538812
G13117130506,1577.3333333333333,21.549771689497717,9.957077625570776
G13117130507,1544.3333333333333,21.459817351598172,9.996803652968037
G13117130508,1539.3333333333333,21.490410958904107,10.047488584474886
G13117130509,1554.3333333333333,21.626940639269407,10.00958904109589
G13117130510,1535.6666666666667,21.54931506849315,10.041552511415526
G13117130601,1505.3333333333333,22.003196347031963,10.11324200913242
G13117130602,1490.6666666666667,22.018721461187216,10.145205479452056
G13117130603,1474.6666666666667,22.074429223744293,10.178538812785387
G13117130604,1500.3333333333333,21.6986301369863,10.154794520547945
G13117130605,1516,21.638356164383563,10.093607305936073
G13117130606,1472.6666666666667,21.9,10.250684931506848
G13117130607,1516,21.694977168949773,10.138356164383563
G13117130608,1458,22.014155251141553,10.346575342465753
G13117130609,1490.3333333333333,21.81689497716895,10.208675799086757
G13117130610,1478,21.889041095890413,10.314611872146118
G13117130611,1464.6666666666667,21.980821917808218,10.310045662100457
G13117130612,1480.3333333333333,21.806392694063927,10.204566210045662
G13117130613,1533,21.537442922374428,10.045205479452054
G13121000100,1420,22.457077625570776,10.588127853881279
G13121000200,1399.6666666666667,22.586301369863016,10.616438356164384
G13121000400,1414.6666666666667,22.49269406392694,10.585844748858447
G13121000500,1403.3333333333333,22.59315068493151,10.595433789954338
G13121000600,1430.6666666666667,22.500456621004567,10.575342465753424
G13121000700,1409.6666666666667,22.57351598173516,10.580821917808219
G13121001001,1421.6666666666667,22.510045662100456,10.58675799086758
G13121001002,1445.6666666666667,22.42876712328767,10.56255707762557
G13121001100,1430.3333333333333,22.431050228310504,10.57716894977169
G13121001201,1430.3333333333333,22.431050228310504,10.57716894977169
G13121001202,1430.3333333333333,22.431050228310504,10.57716894977169
G13121001300,1403,22.57123287671233,10.632876712328766
G13121001400,1422.6666666666667,22.434703196347034,10.604109589041096
G13121001500,1422.6666666666667,22.434703196347034,10.604109589041096
G13121001600,1414.6666666666667,22.464383561643835,10.61552511415525
G13121001700,1424.3333333333333,22.412785388127855,10.599086757990868
G13121001800,1424.3333333333333,22.412785388127855,10.599086757990868
G13121001900,1470,22.27945205479452,10.558447488584475
G13121002100,1477.6666666666667,22.37579908675799,10.573972602739726
G13121002300,1455,22.513698630136986,10.584474885844749
G13121002400,1478,22.4703196347032,10.586301369863014
G13121002500,1501.3333333333333,22.39269406392694,10.573972602739726
G13121002600,1524.3333333333333,22.275799086757992,10.545205479452056
G13121002800,1435,22.365753424657534,10.59634703196347
G13121002900,1435,22.365753424657534,10.59634703196347
G13121003000,1427.3333333333333,22.3648401826484,10.605022831050228
G13121003100,1428,22.342009132420092,10.604109589041096
G13121003200,1446.6666666666667,22.373059360730593,10.611872146118722
G13121003500,1510.3333333333333,22.249771689497717,10.55296803652968
G13121003600,1524.3333333333333,22.275799086757992,10.545205479452056
G13121003700,1535,22.289497716894978,10.542009132420091
G13121003800,1535,22.289497716894978,10.542009132420091
G13121003900,1506.3333333333333,22.400456621004565,10.570319634703196
G13121004000,1514.3333333333333,22.39771689497717,10.557990867579909
G13121004100,1540,22.332420091324202,10.558447488584475
G13121004200,1533,22.299086757990867,10.552054794520547
G13121004300,1535,22.289497716894978,10.542009132420091
G13121004400,1526.6666666666667,22.347031963470318,10.57123287671233
G13121004800,1508,22.41415525114155,10.606849315068493
G13121004900,1489.6666666666667,22.393607305936072,10.61187214611872
G13121005000,1474.6666666666667,22.398630136986302,10.62648401826484
G13121005200,1467.6666666666667,22.398630136986302,10.634703196347031
G13121005300,1493,22.496803652968037,10.642922374429224
G13121005501,1487,22.517351598173516,10.640639269406392
G13121005502,1533,22.430593607305937,10.630593607305936
G13121005700,1534,22.38447488584475,10.59634703196347
G13121005800,1566.3333333333333,22.33744292237443,10.56986301369863
G13121006000,1521.3333333333333,22.363013698630137,10.553881278538814
G13121006100,1536.3333333333333,22.41780821917808,10.57945205479452
G13121006200,1549,22.38310502283105,10.578995433789954
G13121006300,1524,22.41187214611872,10.608219178082193
G13121006400,1497.6666666666667,22.520091324200912,10.649771689497717
G13121006500,1519.3333333333333,22.419634703196348,10.612785388127854
G13121006601,1541.3333333333333,22.35890410958904,10.58675799086758
G13121006602,1563.6666666666667,22.349771689497718,10.571689497716894
G13121006700,1530.6666666666667,22.568949771689496,10.659360730593608
G13121006801,1519.6666666666667,22.44931506849315,10.648401826484019
G13121006802,1531,22.5972602739726,10.688584474885845
G13121006900,1486.3333333333333,22.578082191780823,10.66986301369863
G13121007001,1530.6666666666667,22.706392694063926,10.690867579908677
G13121007002,1514,22.74703196347032,10.724657534246575
G13121007100,1527.3333333333333,22.59360730593607,10.693607305936073
G13121007200,1525.6666666666667,22.724657534246575,10.722831050228312
G13121007300,1561,22.71689497716895,10.710958904109589
G13121007400,1533.3333333333333,22.612785388127854,10.67351598173516
G13121007500,1541,22.458904109589042,10.624657534246575
G13121007602,1529.6666666666667,22.569406392694063,10.60365296803653
G13121007603,1539.3333333333333,22.510045662100456,10.60730593607306
G13121007604,1544.6666666666667,22.651141552511415,10.629223744292238
G13121007703,1533.3333333333333,22.62146118721461,10.5675799086758
G13121007704,1532.6666666666667,22.682191780821917,10.617808219178082
G13121007705,1557,22.59315068493151,10.58173515981735
G13121007706,1560,22.540182648401824,10.53972602739726
G13121007802,1530.3333333333333,22.581278538812786,10.520091324200912
G13121007805,1459.3333333333333,22.62648401826484,10.510045662100456
G13121007806,1472,22.68812785388128,10.56392694063927
G13121007807,1457.3333333333333,22.61689497716895,10.550228310502282
G13121007808,1470.3333333333333,22.581278538812786,10.53744292237443
G13121007900,1498.3333333333333,22.631963470319633,10.578538812785387
G13121008000,1538,22.408675799086758,10.564383561643837
G13121008101,1502,22.49497716894977,10.573972602739726
G13121008102,1508.3333333333333,22.431506849315067,10.527853881278538
G13121008201,1448.6666666666667,22.59634703196347,10.556164383561644
G13121008202,1416.6666666666667,22.758904109589043,10.584474885844749
G13121008301,1458.3333333333333,22.55799086757991,10.565296803652968
G13121008302,1498.3333333333333,22.402283105022832,10.528310502283105
G13121008400,1477.6666666666667,22.500456621004567,10.578082191780823
G13121008500,1385.6666666666667,22.723287671232878,10.631050228310501
G13121008601,1434.3333333333333,22.517808219178082,10.536986301369863
G13121008602,1391.3333333333333,22.77716894977169,10.615981735159817
G13121008700,1379.3333333333333,22.687671232876713,10.605936073059361
G13121008800,1385,22.68310502283105,10.608675799086758
G13121008902,1400.6666666666667,22.62420091324201,10.59269406392694
G13121008903,1372.3333333333333,22.692237442922373,10.611872146118722
G13121008904,1372.3333333333333,22.692237442922373,10.611872146118722
G13121009000,1383.3333333333333,22.645662100456622,10.591780821917808
G13121009101,1373,22.679908675799087,10.607762557077626
G13121009102,1364.6666666666667,22.707762557077626,10.62648401826484
G13121009200,1367.6666666666667,22.704109589041096,10.627853881278538
G13121009300,1367,22.673059360730594,10.611415525114156
G13121009402,1371,22.652511415525115,10.609132420091324
G13121009403,1386.3333333333333,22.535159817351598,10.56986301369863
G13121009404,1387.3333333333333,22.4986301369863,10.556164383561644
G13121009501,1406,22.509132420091326,10.540639269406393
G13121009502,1415.3333333333333,22.46712328767123,10.518264840182649
G13121009601,1419,22.34931506849315,10.486301369863014
G13121009602,1409.3333333333333,22.34794520547945,10.493607305936072
G13121009603,1425,22.360730593607304,10.499086757990867
G13121009700,1400.3333333333333,22.53470319634703,10.521004566210046
G13121009801,1398,22.526940639269405,10.530593607305937
G13121009802,1424,22.451598173515983,10.472146118721462
G13121009900,1414.3333333333333,22.513698630136986,10.516894977168949
G13121010001,1391,22.486301369863014,10.517808219178082
G13121010002,1391.3333333333333,22.37488584474886,10.479452054794521
G13121010106,1405.3333333333333,22.302739726027397,10.341552511415525
G13121010107,1400.6666666666667,22.306392694063927,10.363470319634704
G13121010108,1391.3333333333333,22.357534246575344,10.400913242009132
G13121010110,1422,22.21826484018265,10.35890410958904
G13121010113,1423.3333333333333,22.22511415525114,10.377625570776257
G13121010114,1432,22.224657534246575,10.374429223744292
G13121010115,1396.6666666666667,22.353424657534248,10.435616438356165
G13121010117,1427.3333333333333,22.26255707762557,10.318721461187215
G13121010118,1435,22.126940639269407,10.274885844748859
G13121010119,1399.6666666666667,22.241552511415524,10.292694063926941
G13121010120,1377.3333333333333,22.430593607305937,10.351598173515981
G13121010121,1476.3333333333333,22.09360730593607,10.288127853881278
G13121010122,1444.3333333333333,22.1662100456621,10.31095890410959
G13121010123,1428.6666666666667,22.276712328767125,10.334246575342465
G13121010204,1405.3333333333333,22.418264840182648,10.399086757990867
G13121010205,1454.3333333333333,22.191324200913243,10.31689497716895
G13121010206,1417.3333333333333,22.26529680365297,10.356164383561644
G13121010208,1417.6666666666667,22.228310502283104,10.266666666666667
G13121010209,1415,22.378995433789953,10.344748858447488
G13121010210,1432.6666666666667,22.242922374429224,10.315981735159818
G13121010211,1433,22.25890410958904,10.38675799086758
G13121010212,1410.3333333333333,22.375799086757993,10.424200913242009
G13121010301,1497.6666666666667,22.647945205479452,10.405479452054795
G13121010303,1459,22.740182648401827,10.514155251141553
G13121010304,1505.6666666666667,22.76027397260274,10.551141552511416
G13121010400,1522.3333333333333,22.651598173515982,10.333789954337899
G13121010507,1584,22.54703196347032,10.61187214611872
G13121010508,1597.3333333333333,22.621917808219177,10.627853881278538
G13121010510,1557.3333333333333,22.585388127853882,10.562100456621005
G13121010511,1599,22.521004566210046,10.584018264840182
G13121010512,1570,22.566666666666666,10.561643835616438
G13121010513,1564,22.53972602739726,10.524200913242009
G13121010514,1544.6666666666667,22.47305936073059,10.438356164383562
G13121010515,1580.3333333333333,22.84611872146119,10.6675799086758
G13121010516,1627.6666666666667,22.64246575342466,10.652511415525113
G13121010601,1589.3333333333333,22.416438356164385,10.59634703196347
G13121010603,1592,22.46712328767123,10.590867579908675
G13121010604,1608,22.40958904109589,10.584931506849315
G13121010800,1564.6666666666667,22.488584474885844,10.645205479452056
G13121011000,1552,22.49132420091324,10.635159817351598
G13121011100,1532,22.445205479452053,10.61552511415525
G13121011201,1535.3333333333333,22.456621004566212,10.597260273972603
G13121011202,1589.3333333333333,22.350228310502285,10.578995433789954
G13121011301,1549.3333333333333,22.555251141552514,10.599086757990868
G13121011303,1566.6666666666667,22.53287671232877,10.591780821917808
G13121011305,1566,22.5986301369863,10.601826484018265
G13121011306,1570,22.563470319634703,10.585844748858447
G13121011405,1402,22.212785388127855,10.242465753424657
G13121011410,1389,22.4,10.386301369863014
G13121011411,1381.3333333333333,22.337899543378995,10.321917808219178
G13121011412,1415.6666666666667,22.189954337899543,10.272146118721462
G13121011414,1417.3333333333333,22.136529680365296,10.310045662100457
G13121011416,1443.6666666666667,22.08219178082192,10.151141552511415
G13121011417,1445,21.952511415525116,10.100456621004566
G13121011418,1423,22.226027397260275,10.187214611872147
G13121011419,1451.3333333333333,22.016438356164382,10.114155251141552
G13121011420,1400,22.27260273972603,10.274885844748859
G13121011421,1430.3333333333333,22.106392694063928,10.203652968036529
G13121011422,1396,22.394520547945206,10.314155251141552
G13121011423,1432.3333333333333,22.169406392694064,10.195890410958905
G13121011424,1415.6666666666667,22.204566210045662,10.330136986301369
G13121011425,1443.6666666666667,22.224200913242008,10.341552511415525
G13121011426,1456.3333333333333,22.031963470319635,10.276712328767124
G13121011427,1438,21.94703196347032,10.244748858447489
G13121011503,1460.3333333333333,22.02420091324201,10.067123287671233
G13121011504,1485.6666666666667,22.194520547945206,10.10958904109589
G13121011505,1451.3333333333333,22.06255707762557,10.098173515981735
G13121011506,1425.3333333333333,22.141552511415526,10.08538812785388
G13121011610,1463.6666666666667,22.00821917808219,10.140182648401826
G13121011611,1456,21.937442922374427,10.168036529680366
G13121011612,1426,22.305479452054794,10.378995433789955
G13121011613,1458.3333333333333,21.988127853881277,10.289041095890411
G13121011614,1479,21.976712328767125,10.137899543378996
G13121011615,1467.6666666666667,22.100456621004565,10.148858447488584
G13121011616,1468.6666666666667,21.973059360730595,10.176712328767122
G13121011617,1474,22.002283105022833,10.240639269406392
G13121011618,1435,22.200913242009133,10.264383561643836
G13121011619,1455.3333333333333,22.074429223744293,10.240639269406394
G13121011620,1468,21.982191780821918,10.215068493150685
G13121011621,1474,22.02191780821918,10.19406392694064
G13121011622,1447,22.11780821917808,10.375799086757992
G13121011623,1461.3333333333333,22.041552511415524,10.324657534246574
G13121011624,1472,21.873059360730593,10.247488584474887
G13121011625,1414.6666666666667,22.245205479452057,10.352054794520548
G13121011626,1474.3333333333333,22.01095890410959,10.284931506849315
G13121011800,1445.6666666666667,22.42876712328767,10.56255707762557
G13121011900,1510.3333333333333,22.249771689497717,10.55296803652968
G13121012000,1518.3333333333333,22.431050228310504,10.61324200913242
G13121012300,1573.3333333333333,22.35159817351598,10.6
G13121980000,1595.3333333333333,22.533333333333335,10.648401826484019
G13135050103,1504.6666666666667,21.62785388127854,10.254337899543378
G13135050105,1490.3333333333333,21.68812785388128,10.348858447488585
G13135050106,1472.3333333333333,21.78036529680365,10.473059360730593
G13135050107,1490.3333333333333,21.766666666666666,10.229680365296804
G13135050108,1467.6666666666667,21.8351598173516,10.313698630136987
G13135050109,1466.6666666666667,21.803196347031964,10.371689497716895
G13135050205,1425,22.310502283105023,10.390867579908676
G13135050208,1471,21.831050228310502,10.591780821917808
G13135050209,1448,22.09680365296804,10.449315068493151
G13135050210,1438.3333333333333,22.05068493150685,10.534246575342465
G13135050211,1450.3333333333333,22.310502283105023,10.487671232876712
G13135050212,1448.6666666666667,21.92054794520548,10.460730593607305
G13135050213,1433,21.9675799086758,10.546575342465754
G13135050214,1424.6666666666667,22.174885844748857,10.430593607305937
G13135050215,1432,22.274429223744292,10.51461187214612
G13135050216,1457.3333333333333,21.933333333333334,10.505022831050228
G13135050217,1444.6666666666667,22.095890410958905,10.474885844748858
G13135050218,1445.6666666666667,22.1662100456621,10.441552511415525
G13135050219,1440,22.151598173515982,10.4
G13135050220,1439.3333333333333,22.11917808219178,10.397716894977169
G13135050304,1427,22.162100456621005,10.405479452054795
G13135050306,1438.3333333333333,22.134703196347033,10.41689497716895
G13135050308,1431,22.331963470319636,10.39634703196347
G13135050309,1452.6666666666667,22.109132420091324,10.395433789954337
G13135050310,1432.6666666666667,22.207762557077626,10.39269406392694
G13135050311,1463.6666666666667,22.080365296803652,10.397260273972604
G13135050313,1447,22.253424657534246,10.444748858447488
G13135050314,1443.3333333333333,22.333333333333336,10.472602739726028
G13135050315,1398.3333333333333,22.31461187214612,10.415068493150685
G13135050317,1415.6666666666667,22.295890410958904,10.42283105022831
G13135050318,1404,22.392694063926943,10.422374429223744
G13135050319,1443,22.35296803652968,10.484931506849314
G13135050320,1443,22.214155251141552,10.45525114155251
G13135050321,1413.6666666666667,22.30730593607306,10.39178082191781
G13135050322,1407.3333333333333,22.37716894977169,10.389041095890411
G13135050410,1455.6666666666667,22.402283105022832,10.536986301369863
G13135050415,1469.6666666666667,22.471689497716895,10.570319634703196
G13135050416,1469,22.608675799086758,10.602283105022831
G13135050417,1432.6666666666667,22.22009132420091,10.464840182648402
G13135050418,1411,22.28082191780822,10.471232876712328
G13135050419,1461.6666666666667,22.266666666666666,10.491324200913242
G13135050421,1449,22.30091324200913,10.476255707762556
G13135050422,1467,22.261187214611873,10.49269406392694
G13135050423,1424.6666666666667,22.43607305936073,10.536986301369863
G13135050424,1434.6666666666667,22.46164383561644,10.524200913242009
G13135050425,1476.6666666666667,22.273972602739725,10.529223744292239
G13135050426,1481.3333333333333,22.17945205479452,10.505022831050228
G13135050427,1459,22.381735159817353,10.56255707762557
G13135050428,1470.6666666666667,22.38675799086758,10.556164383561644
G13135050429,1472,22.465753424657535,10.565296803652968
G13135050430,1476,22.367123287671234,10.54840182648402
G13135050431,1464,22.2310502283105,10.499086757990867
G13135050432,1460.3333333333333,22.33150684931507,10.516438356164384
G13135050433,1423,22.2,10.480365296803653
G13135050434,1439,22.21461187214612,10.484931506849316
G13135050435,1435.6666666666667,22.38675799086758,10.540182648401826
G13135050436,1445.3333333333333,22.348858447488585,10.54337899543379
G13135050511,1456,22.147488584474885,10.54337899543379
G13135050520,1472,22.081735159817352,10.559360730593607
G13135050521,1461.6666666666667,22.174885844748857,10.545205479452054
G13135050522,1509.6666666666667,22.04794520547945,10.52283105022831
G13135050523,1463.6666666666667,22.110502283105024,10.583561643835615
G13135050524,1408.6666666666667,22.426027397260274,10.548858447488584
G13135050525,1464.6666666666667,22.000456621004567,10.595433789954338
G13135050526,1424.6666666666667,22.43607305936073,10.536986301369863
G13135050527,1477,22.03150684931507,10.597260273972603
G13135050528,1475.6666666666667,21.93013698630137,10.612328767123287
G13135050529,1473.6666666666667,21.91552511415525,10.568036529680365
G13135050530,1464.3333333333333,22.01598173515982,10.556164383561644
G13135050531,1413.3333333333333,22.372602739726027,10.563013698630137
G13135050532,1416.3333333333333,22.395890410958902,10.573059360730594
G13135050533,1433.6666666666667,22.27716894977169,10.53972602739726
G13135050534,1436,22.234246575342468,10.542922374429224
G13135050535,1435,22.248858447488583,10.558904109589042
G13135050536,1448,22.236986301369864,10.575799086757991
G13135050537,1416.6666666666667,22.34931506849315,10.542009132420091
G13135050538,1456.3333333333333,22.089954337899545,10.564840182648402
G13135050539,1431.6666666666667,22.30593607305936,10.540639269406393
G13135050540,1437.6666666666667,22.22739726027397,10.578995433789954
G13135050541,1415,22.40821917808219,10.546118721461188
G13135050542,1431.3333333333333,22.318721461187216,10.51552511415525
G13135050543,1484,22.174885844748857,10.523287671232877
G13135050544,1468.6666666666667,22.198173515981736,10.53972602739726
G13135050545,1479.6666666666667,22.128767123287673,10.523287671232877
G13135050546,1482.3333333333333,22.230593607305934,10.517808219178082
G13135050547,1512.6666666666667,21.813698630136987,10.560730593607307
G13135050548,1492.3333333333333,22.012785388127853,10.52283105022831
G13135050549,1476,22.087214611872145,10.586301369863014
G13135050605,1504.3333333333333,21.823744292237443,10.517351598173516
G13135050606,1512.6666666666667,21.607762557077624,10.389497716894978
G13135050607,1499,22.024657534246575,10.48904109589041
G13135050608,1536,22.12511415525114,10.42511415525114
G13135050609,1477,21.966210045662102,10.400456621004567
G13135050610,1472.6666666666667,22.15570776255708,10.47351598173516
G13135050709,1501.6666666666667,22.680365296803654,10.607762557077626
G13135050712,1450.3333333333333,22.316438356164383,10.554337899543379
G13135050713,1448.3333333333333,22.31826484018265,10.555251141552512
G13135050714,1480.6666666666667,22.414611872146118,10.5662100456621
G13135050715,1470.6666666666667,22.30091324200913,10.543835616438356
G13135050718,1522,22.157990867579908,10.51552511415525
G13135050719,1532.6666666666667,22.231963470319634,10.513698630136986
G13135050720,1515,22.148858447488585,10.510502283105023
G13135050721,1524,22.363013698630137,10.531506849315068
G13135050722,1507.3333333333333,22.4337899543379,10.55890410958904
G13135050723,1459.6666666666667,22.591324200913242,10.601826484018265
G13135050724,1574.6666666666667,22.202739726027396,10.48538812785388
G13135050725,1519,22.304109589041094,10.538812785388128
G13135050726,1543.3333333333333,22.306849315068494,10.457534246575342
G13135050727,1518,22.182191780821917,10.491324200913242
G13135050728,1568,22.417351598173514,10.535159817351598
G13135050729,1480.3333333333333,22.43470319634703,10.568949771689498
G13135050730,1566,22.318721461187213,10.506392694063928
G13135050731,1567.3333333333333,22.392237442922376,10.505479452054795
G13139001502,1531,21.611415525114158,10.182191780821917
G13139001605,1479,21.93470319634703,10.3986301369863
G13139001607,1529,21.515981735159816,10.244748858447489
G13139001608,1463.6666666666667,22.121917808219177,10.427397260273972
G13143010100,1368.6666666666667,21.978995433789954,9.260730593607306
G13143010200,1405.3333333333333,22.011872146118723,9.387671232876713
G13143010301,1418.6666666666667,21.9027397260274,9.37716894977169
G13143010302,1446,21.78219178082192,9.335159817351597
G13143010400,1454.3333333333333,22.035159817351598,9.537899543378996
G13149970100,1514.6666666666667,23.09634703196347,10.218264840182648
G13149970200,1552.6666666666667,22.517351598173516,9.689954337899543
G13149970300,1579.6666666666667,22.975342465753425,9.948401826484018
G13151070104,1558.3333333333333,23.006392694063926,10.78675799086758
G13151070106,1573,22.89406392694064,10.774429223744292
G13151070107,1521,22.871232876712327,10.751141552511417
G13151070108,1554.3333333333333,22.584931506849315,10.718721461187215
G13151070109,1553.6666666666667,22.82785388127854,10.758447488584475
G13151070110,1558.3333333333333,22.884018264840183,10.757077625570776
G13151070111,1563.6666666666667,23.051141552511417,10.800456621004566
G13151070113,1564,22.990867579908674,10.793607305936073
G13151070114,1570,23.12054794520548,10.804566210045662
G13151070202,1544.3333333333333,23.106392694063928,10.729223744292238
G13151070203,1519.6666666666667,23.252054794520546,10.694977168949771
G13151070204,1534,23.05159817351598,10.764840182648403
G13151070205,1557.3333333333333,23.029680365296805,10.763013698630138
G13151070304,1580.6666666666667,23.032876712328765,10.66392694063927
G13151070305,1587.6666666666667,22.944292237442923,10.740639269406392
G13151070306,1591.3333333333333,22.931050228310504,10.683561643835617
G13151070307,1578,23.07488584474886,10.715068493150685
G13151070309,1576.6666666666667,22.932876712328767,10.732420091324201
G13151070310,1578.3333333333333,23.04703196347032,10.752054794520548
G13151070311,1576.6666666666667,22.997260273972604,10.70958904109589
G13151070402,1516,23.260730593607306,10.623744292237443
G13151070403,1518.3333333333333,23.157990867579908,10.65068493150685
G13151070404,1527,23.14246575342466,10.656164383561643
G13151070501,1545,23,10.721917808219178
G13151070502,1560.6666666666667,23.14109589041096,10.749771689497717
G13159010100,1463,23.451141552511416,10.54337899543379
G13159010200,1558.3333333333333,23.379908675799086,10.528767123287672
G13159010500,1484.6666666666667,23.64109589041096,10.681735159817352
G13171970100,1480,23.461187214611872,10.771232876712329
G13171970200,1463.3333333333333,23.544292237442924,10.833333333333334
G13171970300,1475.6666666666667,23.368036529680367,10.758904109589041
G13199970500,1523.3333333333333,23.09543378995434,10.26027397260274
G13199970600,1521,23.240182648401827,10.310045662100457
G13199970700,1484.6666666666667,22.921004566210044,10.35068493150685
G13199970800,1472.6666666666667,23.243835616438357,10.470319634703197
G13211010100,1583.6666666666667,23.01324200913242,10.52648401826484
G13211010200,1550,23.158447488584475,10.501826484018265
G13211010300,1515.3333333333333,23.123744292237443,10.445205479452055
G13211010400,1433.3333333333333,23.552054794520547,10.690867579908677
G13211010500,1459.3333333333333,23.364383561643834,10.507762557077625
G13217100100,1530.6666666666667,22.94246575342466,10.52648401826484
G13217100201,1649.3333333333333,23.20730593607306,10.468949771689498
G13217100202,1722,22.947488584474886,10.389041095890411
G13217100300,1594,23.092694063926942,10.488584474885846
G13217100400,1548.3333333333333,22.969863013698628,10.502739726027396
G13217100501,1524.3333333333333,22.987214611872144,10.562557077625572
G13217100502,1524.6666666666667,23.100456621004568,10.581278538812786
G13217100600,1515,23.302739726027397,10.625570776255708
G13217100700,1545.6666666666667,23.211872146118722,10.559817351598173
G13217100800,1543,23.440182648401827,10.623744292237443
G13217100901,1517,23.148858447488585,10.600913242009133
G13217100902,1542,22.927397260273974,10.512785388127854
G13217100903,1509.3333333333333,23.022831050228312,10.60730593607306
G13223120101,1316,22.519178082191782,9.82876712328767
G13223120102,1298,22.23607305936073,9.654794520547945
G13223120103,1291.3333333333333,22.603196347031965,9.872602739726027
G13223120104,1269,22.54931506849315,9.711415525114155
G13223120202,1339.3333333333333,22.360273972602737,9.895890410958904
G13223120203,1337.3333333333333,22.161643835616438,9.651141552511415
G13223120204,1378,22.007762557077626,9.526940639269407
G13223120301,1360.6666666666667,22.26849315068493,9.684931506849315
G13223120302,1336,22.3662100456621,9.70502283105023
G13223120303,1379.6666666666667,22.163013698630138,9.573059360730594
G13223120400,1358.3333333333333,21.75890410958904,9.136986301369863
G13223120501,1371.3333333333333,22.348401826484018,9.852054794520548
G13223120502,1414.6666666666667,22.11689497716895,9.60730593607306
G13223120503,1387,22.374429223744293,9.908219178082192
G13223120601,1405.3333333333333,22.354794520547944,9.998630136986302
G13223120602,1415.6666666666667,22.350228310502285,9.895890410958904
G13223120603,1371.3333333333333,22.447945205479453,10.013242009132421
G13223120604,1405.6666666666667,22.43470319634703,10.002739726027398
G13223120605,1420.3333333333333,22.156164383561645,9.678538812785389
G13227050100,1753.3333333333333,19.94703196347032,8.61689497716895
G13227050200,1509.3333333333333,21.805479452054794,9.94703196347032
G13227050300,1431,22.23972602739726,10.246575342465754
G13227050400,1389.3333333333333,22.08310502283105,9.994977168949772
G13227050500,1537.3333333333333,21.52922374429224,9.673515981735159
G13227050600,1574.6666666666667,21.5324200913242,9.732876712328768
G13231010100,1540.6666666666667,23.03150684931507,10.605022831050228
G13231010200,1535,23.094520547945205,10.625114155251142
G13231010300,1470.3333333333333,23.25296803652968,10.594977168949772
G13231010400,1524.3333333333333,23.109132420091324,10.59406392694064
G13247060101,1524,22.711415525114155,10.58173515981735
G13247060102,1527.6666666666667,22.65570776255708,10.546575342465754
G13247060201,1559.3333333333333,22.658447488584475,10.604566210045663
G13247060202,1494.6666666666667,22.86986301369863,10.668036529680366
G13247060304,1489.3333333333333,22.783105022831048,10.61187214611872
G13247060305,1488.3333333333333,22.81187214611872,10.579908675799087
G13247060306,1489.6666666666667,22.873972602739727,10.5675799086758
G13247060307,1499.3333333333333,22.89771689497717,10.581735159817352
G13247060308,1476,22.84611872146119,10.60958904109589
G13247060309,1532.6666666666667,22.70228310502283,10.587214611872147
G13247060403,1522,22.93972602739726,10.719634703196347
G13247060404,1501,22.87945205479452,10.619634703196347
G13247060405,1487.3333333333333,23.16849315068493,10.742922374429224
G13247060406,1508.3333333333333,22.95570776255708,10.612328767123287
G13247060407,1518,22.95205479452055,10.612328767123287
G13255160100,1548.6666666666667,23.010045662100456,10.691324200913241
G13255160200,1514,23.185844748858447,10.704566210045662
G13255160300,1520.6666666666667,23.084018264840182,10.666210045662101
G13255160400,1550.6666666666667,22.91415525114155,10.62054794520548
G13255160500,1536.6666666666667,23.011872146118723,10.655707762557078
G13255160600,1531,23.2,10.710502283105022
G13255160700,1539,22.97579908675799,10.614155251141552
G13255160800,1513.6666666666667,22.960730593607305,10.60730593607306
G13255160900,1506,23.054794520547944,10.639726027397261
G13255161000,1488.6666666666667,23.23607305936073,10.696803652968036
G13255161100,1486.6666666666667,23.19406392694064,10.68082191780822
G13255161200,1515,23.01826484018265,10.630593607305936
G13297110100,1506,22.519178082191782,10.39269406392694
G13297110200,1578,22.69178082191781,10.443835616438356
G13297110300,1541,22.66849315068493,10.421461187214613
G13297110400,1525.3333333333333,22.434246575342467,10.36986301369863
G13297110503,1535.6666666666667,22.439269406392697,10.408675799086758
G13297110504,1556.6666666666667,22.386301369863013,10.459817351598174
G13297110505,1517.3333333333333,22.577625570776256,10.463926940639269
G13297110506,1524.3333333333333,22.555707762557077,10.528767123287672
G13297110507,1571,22.437899543378997,10.474885844748858
G13297110508,1549.6666666666667,22.476712328767125,10.447488584474886
G13297110601,1547.6666666666667,22.695890410958903,10.459360730593607
G13297110602,1583.3333333333333,22.83607305936073,10.487214611872147
G13297110603,1542.6666666666667,22.676255707762557,10.493150684931507
G13297110700,1555,22.649771689497715,10.413698630136986
G13297110800,1659.6666666666667,22.78538812785388,10.39634703196347
